Dependents,LoanAmount,CreditHistory,LoanStatus,TotalIncome,IncomeLoanRatio,LoanTermYears,Has_CoApplicantIncome,Gender_Male,Married_Yes,Education_Not Graduate,PropertyArea_Semiurban,PropertyArea_Urban,SelfEmployed_Yes
0.0,146.36949152542374,1.0,1,5849.0,25.024703628897885,30.0,0,True,False,False,False,True,False
1.0,128.0,1.0,0,6091.0,21.0146117222131,30.0,1,True,True,False,False,False,False
0.0,66.0,1.0,1,3000.0,22.0,30.0,0,True,True,False,False,True,True
0.0,120.0,1.0,1,4941.0,24.286581663630844,30.0,1,True,True,True,False,True,False
0.0,141.0,1.0,1,6000.0,23.5,30.0,0,True,False,False,False,True,False
2.0,262.5,1.0,1,9613.0,27.30677207947571,30.0,1,True,True,False,False,True,True
0.0,95.0,1.0,1,3849.0,24.68173551571837,30.0,1,True,True,True,False,True,False
3.0,158.0,0.0,0,5540.0,28.51985559566787,30.0,1,True,True,False,True,False,False
2.0,168.0,1.0,1,5532.0,30.36876355748373,30.0,1,True,True,False,False,True,False
1.0,262.5,1.0,0,15921.75,16.486881153139574,30.0,1,True,True,False,True,False,False
2.0,70.0,1.0,1,3900.0,17.94871794871795,30.0,1,True,True,False,False,True,False
2.0,109.0,1.0,1,4340.0,25.11520737327189,30.0,1,True,True,False,False,True,False
2.0,200.0,1.0,1,8833.0,22.642363862787274,30.0,1,True,True,False,False,True,False
0.0,114.0,1.0,0,4693.0,24.291497975708502,30.0,1,True,False,False,False,False,False
2.0,17.0,1.0,1,2385.0,7.127882599580713,10.0,1,True,True,False,False,True,False
0.0,125.0,1.0,1,4950.0,25.252525252525253,30.0,0,True,False,False,False,True,False
1.0,100.0,0.8413547237076648,1,3596.0,27.808676307007786,20.0,0,True,False,True,False,True,False
0.0,76.0,0.0,0,3510.0,21.65242165242165,30.0,0,False,False,False,False,True,False
0.0,133.0,1.0,0,4887.0,27.215060364231636,30.0,0,True,True,True,False,False,False
0.0,115.0,1.0,1,6100.0,18.852459016393443,28.492462311557787,1,True,True,False,False,True,False
0.0,104.0,0.0,0,7660.0,13.577023498694517,30.0,0,True,True,True,False,True,False
1.0,262.5,1.0,1,11580.0,22.66839378238342,30.0,1,True,True,False,False,True,False
0.0,116.0,0.0,0,4511.0,25.71491908667701,30.0,1,True,True,True,True,False,False
2.0,112.0,0.0,0,5282.0,21.204089360090876,30.0,1,True,True,True,False,False,False
1.0,151.0,0.8413547237076648,0,6642.0,22.73411623005119,30.0,1,True,True,False,True,False,False
0.0,191.0,1.0,1,9560.0,19.97907949790795,30.0,0,True,True,False,True,False,True
0.0,122.0,1.0,1,5052.0,24.14885193982581,30.0,1,True,True,False,True,False,False
2.0,110.0,1.0,1,5266.0,20.888720091150777,30.0,1,True,True,True,False,True,False
0.0,35.0,1.0,0,1442.0,24.271844660194176,30.0,0,True,False,True,False,True,False
2.0,120.0,1.0,1,5833.0,20.5726041488085,30.0,1,False,False,False,True,False,False
1.0,201.0,0.8413547237076648,0,7535.0,26.675514266755144,30.0,1,True,True,False,False,True,False
0.0,74.0,1.0,0,3167.0,23.365961477739184,30.0,0,True,False,False,False,True,False
1.0,106.0,1.0,0,4692.0,22.59164535379369,30.0,0,True,False,False,False,False,True
0.0,114.0,1.0,1,5167.0,22.063092703696537,30.0,1,True,True,False,True,False,False
3.0,262.5,1.0,0,13161.75,19.94415636218588,30.0,1,True,False,False,False,False,False
0.0,146.36949152542374,1.0,1,4342.0,33.7101546580893,30.0,1,True,True,False,False,True,False
0.0,100.0,0.0,0,3158.0,31.665611146295124,28.492462311557787,1,True,True,False,False,True,False
0.0,144.0,1.0,1,5126.0,28.092079594225517,30.0,1,False,True,False,True,False,False
0.0,184.0,1.0,1,9926.0,18.537175095708243,30.0,1,True,False,False,False,True,False
0.0,110.0,1.0,1,5416.0,20.31019202363368,30.0,1,True,False,True,True,False,False
0.0,80.0,1.0,0,3600.0,22.22222222222222,30.0,0,True,False,False,False,True,False
0.0,47.0,1.0,1,3013.0,15.599070693660803,30.0,1,True,False,False,False,True,False
0.0,75.0,0.8413547237076648,1,2400.0,31.25,30.0,0,True,True,False,False,True,False
0.0,134.0,1.0,1,6277.0,21.347777600764697,30.0,1,True,True,False,True,False,False
0.0,96.0,1.0,1,4695.0,20.447284345047922,28.492462311557787,0,True,True,True,False,True,True
0.0,88.0,1.0,1,3410.0,25.806451612903224,28.492462311557787,0,False,False,False,False,True,False
1.0,44.0,1.0,1,5649.0,7.788989201628607,30.0,0,True,True,False,False,True,False
0.0,144.0,1.0,1,5821.0,24.738017522762412,30.0,0,True,True,False,False,True,False
0.0,120.0,0.0,0,6085.0,19.72062448644207,30.0,1,False,True,False,False,True,False
0.0,144.0,1.0,1,6275.0,22.948207171314742,30.0,1,False,False,False,True,False,False
0.0,100.0,1.0,1,3572.0,27.99552071668533,30.0,1,False,True,True,True,False,False
0.0,120.0,1.0,1,3086.0,38.8852883992223,30.0,0,False,False,False,True,False,False
0.0,112.0,1.0,0,4230.0,26.47754137115839,30.0,0,False,False,False,True,False,False
2.0,134.0,1.0,0,4616.0,29.02946273830156,30.0,0,True,True,False,False,True,False
1.0,262.5,0.0,0,10161.75,25.832164735404827,30.0,0,False,True,False,False,True,True
2.0,97.0,1.0,1,3875.0,25.032258064516128,30.0,1,True,True,False,True,False,False
0.0,96.0,1.0,1,3723.0,25.785656728444803,30.0,1,True,True,False,True,False,False
0.0,135.0,1.0,0,5566.0,24.254401724757457,30.0,1,True,True,False,False,False,False
1.0,180.0,1.0,1,10330.0,17.424975798644724,30.0,1,True,True,False,False,True,False
2.0,144.0,1.0,1,6216.0,23.166023166023166,30.0,1,True,True,True,False,True,False
0.0,120.0,1.0,1,6296.0,19.05972045743329,30.0,1,True,True,False,False,True,False
3.0,99.0,1.0,1,3029.0,32.684054143281614,30.0,0,True,True,False,False,True,False
0.0,165.0,0.0,0,6058.0,27.23671178606801,15.0,1,True,True,True,False,False,True
1.0,146.36949152542374,0.0,0,4945.0,29.59949272506041,30.0,0,True,True,False,False,False,False
0.0,116.0,0.0,0,4166.0,27.84445511281805,30.0,0,False,False,False,True,False,False
0.0,258.0,1.0,0,10321.0,24.997577754093594,30.0,1,True,True,False,True,False,False
0.0,126.0,0.0,0,5454.0,23.102310231023104,15.0,1,True,False,True,False,True,False
1.0,262.5,1.0,1,10161.75,25.832164735404827,30.0,0,True,True,False,False,True,False
3.0,125.0,1.0,1,7100.0,17.6056338028169,5.0,0,True,True,True,False,True,True
0.0,136.0,0.0,0,4300.0,31.627906976744185,30.0,0,False,False,False,True,False,False
0.0,172.0,1.0,1,6274.0,27.41472744660504,30.0,1,True,True,False,False,True,False
2.0,97.0,1.0,1,3750.0,25.866666666666667,30.0,1,True,True,True,True,False,True
0.0,81.0,1.0,1,3500.0,23.142857142857142,25.0,0,True,False,False,True,False,False
3.0,95.0,0.0,0,4755.0,19.978969505783386,28.492462311557787,0,True,True,True,True,False,False
3.0,187.0,1.0,1,7040.0,26.5625,30.0,1,True,True,False,True,False,True
0.0,113.0,1.0,0,3750.0,30.133333333333333,40.0,0,True,False,False,False,True,False
0.0,176.0,1.0,0,8500.0,20.705882352941178,30.0,1,True,False,False,False,True,False
1.0,110.0,1.0,0,4022.0,27.349577324714073,30.0,1,True,True,False,False,True,True
3.0,180.0,0.0,0,7167.0,25.115110925073253,25.0,1,True,True,False,True,False,False
3.0,130.0,0.8413547237076648,1,5499.0,23.64066193853428,30.0,1,True,True,True,True,False,True
0.0,111.0,1.0,1,3846.0,28.861154446177846,30.0,0,False,False,False,True,False,False
1.0,146.36949152542374,1.0,1,2395.0,61.11461024026043,30.0,0,True,True,False,True,False,True
2.0,167.0,1.0,0,3259.0,51.2427124884934,30.0,1,False,True,False,False,True,False
0.0,262.5,0.8413547237076648,0,8250.0,31.818181818181817,30.0,1,True,True,False,True,False,False
1.0,50.0,1.0,1,3988.0,12.537612838515546,20.0,0,True,True,False,False,True,False
0.0,136.0,1.0,1,4897.0,27.77210537063508,30.0,1,True,False,False,True,False,False
2.0,99.0,0.8413547237076648,1,5333.0,18.5636602287643,30.0,1,True,True,True,True,False,False
0.0,104.0,1.0,1,4618.0,22.52057167605024,30.0,1,True,True,False,True,False,False
0.0,210.0,1.0,1,8566.0,24.515526500116742,30.0,0,True,False,False,False,True,False
0.0,175.0,1.0,1,9862.0,17.744879334820524,30.0,1,True,True,False,True,False,False
0.0,131.0,1.0,1,5858.0,22.362581085694778,30.0,1,True,True,False,True,False,False
2.0,188.0,1.0,1,11904.0,15.793010752688172,15.0,1,True,True,False,True,False,False
2.0,81.0,1.0,1,5093.0,15.904182210877675,30.0,1,True,True,True,False,True,False
0.0,122.0,1.0,1,4133.0,29.518509557222355,30.0,0,True,False,False,True,False,False
0.0,25.0,1.0,1,3620.0,6.906077348066298,10.0,0,True,False,True,True,False,False
0.0,146.36949152542374,0.8413547237076648,0,6782.0,21.582054191304003,30.0,0,True,False,False,False,True,False
0.0,137.0,1.0,1,4786.0,28.625156707062263,30.0,1,False,True,False,True,False,False
0.0,50.0,1.0,1,2974.0,16.812373907195695,30.0,1,True,True,False,True,False,False
0.0,115.0,1.0,1,4188.0,27.45940783190067,15.0,0,True,True,True,True,False,False
0.0,131.0,1.0,1,5300.0,24.71698113207547,30.0,1,True,True,False,True,False,False
2.0,133.0,1.0,1,7551.0,17.61356111773275,15.0,1,True,True,True,False,True,False
0.0,151.0,1.0,1,8649.0,17.458665741704245,30.0,1,True,False,False,True,False,False
0.7629382303839732,146.36949152542374,1.0,1,10161.75,14.403965018370236,30.0,0,True,True,False,False,True,False
0.0,146.36949152542374,1.0,1,8235.0,17.774073044981634,30.0,1,True,True,False,True,False,False
1.0,100.0,1.0,1,4082.0,24.49779519843214,30.0,1,True,True,False,False,True,False
2.0,225.0,1.0,1,11287.75,19.933113330823236,30.0,1,True,True,False,False,True,False
0.0,120.0,1.0,0,7333.0,16.36438019909996,30.0,0,True,False,True,False,False,False
2.0,216.0,0.0,0,7400.0,29.18918918918919,30.0,1,True,True,False,False,True,False
3.0,94.0,1.0,1,2825.0,33.27433628318584,40.0,1,True,True,True,True,False,False
0.0,136.0,1.0,1,5316.0,25.583145221971407,30.0,0,True,False,False,False,True,False
0.0,139.0,1.0,1,5262.0,26.415811478525274,30.0,1,False,True,False,True,False,False
0.0,152.0,0.0,0,7686.0,19.776216497527972,28.492462311557787,1,True,True,True,False,False,False
1.0,146.36949152542374,1.0,1,7451.0,19.64427479874161,30.0,0,False,False,False,True,False,True
0.0,118.0,1.0,1,5050.0,23.366336633663366,30.0,0,True,False,False,True,False,False
1.0,185.0,1.0,1,10161.75,18.205525623047212,15.0,0,True,True,False,False,False,False
0.0,154.0,1.0,1,5450.0,28.256880733944953,30.0,1,False,True,False,True,False,False
1.0,85.0,0.8413547237076648,1,3612.0,23.53266888150609,30.0,1,True,True,False,False,True,False
0.0,175.0,1.0,0,7710.0,22.69779507133593,30.0,1,True,True,False,False,False,False
0.0,259.0,1.0,1,10161.75,25.487735872266096,30.0,0,False,False,False,False,True,False
0.7629382303839732,180.0,1.0,1,8334.0,21.598272138228943,30.0,1,True,True,False,False,False,False
0.0,44.0,1.0,1,4166.0,10.561689870379261,30.0,0,False,False,False,True,False,False
0.0,137.0,0.0,1,7897.0,17.348360136760796,30.0,1,False,False,False,True,False,False
2.0,81.0,1.0,1,2957.0,27.392627663172135,30.0,0,True,True,False,True,False,False
0.0,194.0,1.0,1,6314.0,30.725372188786825,30.0,1,True,True,True,False,False,False
0.0,93.0,0.8413547237076648,1,3692.0,25.189599133261105,30.0,0,False,False,False,False,False,False
3.0,262.5,1.0,1,10161.75,25.832164735404827,30.0,0,True,True,False,False,False,False
0.0,146.36949152542374,1.0,1,5505.0,26.58846349235672,30.0,1,True,False,False,False,False,False
1.0,160.0,0.0,0,14011.75,11.418987635377452,15.0,1,True,True,False,False,True,True
0.0,182.0,0.8413547237076648,0,8649.0,21.042895132385247,30.0,1,True,True,False,False,False,False
0.0,262.5,0.8413547237076648,1,10161.75,25.832164735404827,40.0,0,True,False,False,False,True,True
0.0,74.0,1.0,1,3943.0,18.76743596246513,30.0,1,True,False,False,False,True,False
0.0,70.0,1.0,1,2718.0,25.754231052244297,30.0,0,True,False,False,True,False,False
0.0,25.0,1.0,1,3459.0,7.227522405319457,10.0,0,True,True,False,True,False,True
0.0,102.0,1.0,1,4895.0,20.83758937691522,30.0,0,True,False,False,True,False,False
3.0,262.5,1.0,0,9760.0,26.895491803278688,30.0,1,True,True,False,True,False,False
0.0,84.0,1.0,0,4583.0,18.328605716779403,30.0,0,False,True,False,False,False,False
2.0,88.0,1.0,1,6816.0,12.910798122065728,30.0,1,True,True,False,False,True,True
0.0,242.0,0.0,0,10161.75,23.814795679877975,30.0,0,True,False,False,True,False,False
2.0,129.0,1.0,0,5630.0,22.912966252220247,30.0,1,True,True,True,False,False,False
2.0,185.0,1.0,0,7125.0,25.964912280701753,30.0,1,True,True,False,False,False,False
0.0,168.0,1.0,1,5417.0,31.013476093778845,30.0,0,True,False,False,False,True,False
0.0,175.0,1.0,1,6950.0,25.179856115107913,15.0,0,True,False,False,True,False,True
0.0,122.0,1.0,1,4732.0,25.78191039729501,30.0,1,True,True,False,True,False,False
2.0,187.0,1.0,1,10161.75,18.40234211626934,15.0,0,True,True,False,False,True,False
0.0,100.0,1.0,1,6816.0,14.671361502347418,30.0,1,False,True,False,True,False,False
2.0,70.0,1.0,1,10161.75,6.8885772627746205,30.0,0,False,True,False,False,True,False
1.0,30.0,1.0,1,2963.0,10.12487343908201,30.0,1,True,True,False,False,True,False
0.0,225.0,1.0,0,11666.0,19.286816389507973,30.0,1,False,False,False,False,False,False
0.0,125.0,1.0,1,5690.0,21.968365553602812,30.0,1,True,True,False,True,False,False
0.0,118.0,0.0,0,6277.0,18.798789230524136,30.0,0,True,False,False,False,False,False
0.0,152.0,1.0,1,6327.0,24.024024024024023,30.0,1,True,True,False,False,False,True
0.0,244.0,1.0,0,9166.0,26.620117826751038,30.0,0,True,False,False,False,True,False
2.0,113.0,1.0,0,2281.0,49.53967558088558,30.0,0,True,True,True,False,False,False
0.0,50.0,1.0,1,3254.0,15.365703749231715,30.0,0,True,False,False,False,True,False
3.0,262.5,0.0,1,10161.75,25.832164735404827,15.0,0,True,True,False,True,False,False
1.0,160.0,0.8413547237076648,1,6000.0,26.666666666666668,30.0,0,True,True,False,False,False,False
1.0,187.0,1.0,1,9538.0,19.605787376808554,30.0,0,True,True,False,False,True,False
0.0,120.0,1.0,1,5063.0,23.70136282836263,30.0,1,True,False,False,False,False,False
0.0,255.0,1.0,1,10208.0,24.980407523510973,30.0,1,True,True,False,True,False,False
0.0,98.0,1.0,1,2904.0,33.7465564738292,30.0,1,True,True,True,True,False,False
0.0,262.5,1.0,0,7933.0,33.089625614521616,30.0,0,True,True,False,False,True,False
1.0,121.0,0.0,0,4369.0,27.695124742504007,30.0,1,True,True,False,True,False,False
2.0,158.0,1.0,1,5614.0,28.14392589953687,30.0,1,True,True,False,False,False,False
0.0,75.0,1.0,1,9323.0,8.04462083020487,15.0,0,True,True,False,False,True,False
0.0,182.0,1.0,1,6873.0,26.480430670740578,28.492462311557787,1,True,True,False,False,False,False
0.0,112.0,1.0,0,4583.0,24.43814095570587,30.0,0,False,True,False,False,False,False
0.0,129.0,1.0,1,5772.0,22.34927234927235,30.0,1,True,True,False,False,False,False
0.0,63.0,0.0,0,2237.0,28.162717925793473,40.0,0,True,False,False,True,False,False
2.0,200.0,1.0,1,8000.0,25.0,30.0,0,True,True,False,True,False,False
0.0,95.0,1.0,1,3589.0,26.469768737809975,30.0,1,True,True,True,False,False,False
3.0,262.5,1.0,1,10161.75,25.832164735404827,25.0,0,True,True,False,False,True,False
3.0,81.0,1.0,0,3522.0,22.998296422487222,15.0,0,True,True,True,False,False,False
0.0,187.0,1.0,1,11333.0,16.500485308391422,30.0,1,True,True,False,True,False,False
0.0,87.0,1.0,0,5080.0,17.125984251968504,30.0,1,True,True,True,True,False,True
0.0,116.0,1.0,1,5461.0,21.241530855154732,30.0,1,True,True,False,False,False,False
2.0,101.0,1.0,1,3664.0,27.565502183406114,30.0,1,True,True,False,False,False,False
3.0,262.5,0.0,0,11276.0,23.27953174884711,30.0,1,True,True,False,True,False,False
1.0,116.0,1.0,1,3750.0,30.933333333333334,30.0,0,True,True,False,True,False,False
0.0,102.0,0.0,0,3784.0,26.955602536997887,40.0,1,True,False,True,False,True,False
1.0,180.0,0.0,0,12160.0,14.802631578947368,30.0,1,True,True,False,False,True,False
0.0,67.0,0.8413547237076648,0,6979.0,9.60022925920619,30.0,1,True,False,False,False,False,False
0.0,73.0,1.0,1,4600.0,15.869565217391305,15.0,0,True,True,False,True,False,False
1.0,260.0,1.0,0,10161.75,25.58614411887716,30.0,0,True,True,False,True,False,False
0.0,108.0,1.0,1,3625.0,29.79310344827586,30.0,0,False,True,False,True,False,False
0.0,120.0,1.0,1,14911.75,8.047345214344393,30.0,1,True,True,False,True,False,True
1.0,66.0,0.0,0,2178.0,30.303030303030305,25.0,0,True,True,False,False,False,True
0.0,58.0,0.8413547237076648,1,4521.0,12.829020128290201,30.0,1,True,True,False,False,False,False
0.0,168.0,1.0,1,5970.0,28.14070351758794,30.0,1,True,True,False,False,False,True
0.0,188.0,1.0,1,9328.0,20.154373927958833,15.0,0,True,True,False,False,False,False
0.0,48.0,1.0,1,4885.0,9.825997952917094,30.0,0,True,False,True,False,False,False
0.0,164.0,1.0,0,10161.75,16.138952444214826,30.0,0,True,False,False,True,False,False
0.0,160.0,1.0,0,6033.0,26.52080225426819,30.0,0,True,True,True,False,True,False
0.0,76.0,1.0,1,3858.0,19.699326075686884,30.0,0,True,False,False,True,False,False
0.0,120.0,1.0,1,4191.0,28.63278453829635,30.0,0,True,False,False,False,False,False
1.0,170.0,1.0,0,5708.0,29.782761037140855,30.0,1,True,True,False,True,False,False
0.0,187.0,1.0,1,12083.0,15.476289001075891,30.0,1,True,False,False,False,False,False
0.0,120.0,1.0,1,4272.0,28.089887640449437,28.492462311557787,1,False,False,True,False,True,False
0.0,113.0,0.8413547237076648,1,6232.0,18.13222079589217,30.0,1,False,True,False,True,False,False
0.0,83.0,1.0,0,10161.75,8.167884468718478,30.0,0,True,False,False,False,True,True
1.0,90.0,1.0,1,5100.0,17.647058823529413,30.0,1,True,True,True,True,False,False
2.0,166.0,0.0,1,4923.0,33.719276863701,30.0,0,True,False,False,True,False,False
3.0,146.36949152542374,1.0,0,3992.0,36.66570428993581,15.0,0,True,True,True,False,True,False
1.0,135.0,1.0,1,4583.0,29.456687759109755,30.0,1,True,True,True,False,True,False
2.0,124.0,1.0,1,3917.0,31.65688026550932,30.0,0,True,True,True,True,False,False
0.0,120.0,1.0,1,4408.0,27.22323049001815,30.0,0,False,False,True,True,False,False
0.0,80.0,1.0,1,3244.0,24.66091245376079,30.0,0,False,False,False,False,True,False
0.0,55.0,1.0,1,6506.0,8.453735013833384,30.0,1,True,False,True,False,False,False
0.0,59.0,1.0,1,2479.0,23.79991932230738,30.0,0,True,False,False,False,True,False
0.0,127.0,1.0,0,3418.0,37.15623171445289,30.0,0,True,False,False,True,False,False
0.0,214.0,1.0,0,10000.0,21.4,30.0,0,False,False,False,True,False,False
3.0,128.0,0.0,0,4680.0,27.35042735042735,30.0,1,True,True,False,True,False,False
1.0,240.0,1.0,1,7787.0,30.820598433286246,30.0,0,True,True,False,False,True,True
3.0,130.0,1.0,1,5703.0,22.79502016482553,30.0,0,True,True,True,False,False,True
0.0,137.0,1.0,1,6194.0,22.118178882789795,30.0,1,True,True,False,False,True,False
3.0,100.0,1.0,1,4833.0,20.69108214359611,30.0,1,True,True,True,True,False,False
0.0,135.0,1.0,0,1950.0,69.23076923076923,30.0,1,True,True,False,False,False,False
0.0,131.0,1.0,1,5502.0,23.80952380952381,30.0,1,True,True,False,True,False,False
2.0,72.0,0.0,0,5000.0,14.4,30.0,0,True,True,False,True,False,False
2.0,127.0,0.8413547237076648,1,6666.0,19.05190519051905,30.0,1,False,True,False,True,False,False
0.0,60.0,0.0,0,2221.0,27.014858171994597,30.0,0,True,True,False,False,True,False
2.0,116.0,1.0,1,5726.0,20.258470136220748,30.0,1,True,True,False,True,False,False
0.0,144.0,1.0,1,5762.0,24.99132245748004,30.0,1,True,False,False,True,False,False
0.0,175.0,1.0,1,8588.0,20.3772706101537,28.492462311557787,1,True,True,False,True,False,False
0.0,128.0,1.0,1,6250.0,20.48,30.0,0,True,True,False,True,False,False
0.0,170.0,1.0,0,3250.0,52.30769230769231,30.0,0,True,True,False,False,False,False
0.7629382303839732,138.0,1.0,0,4735.0,29.14466737064414,30.0,0,True,True,True,False,True,True
2.0,210.0,1.0,1,7945.0,26.431718061674008,30.0,1,True,True,False,True,False,False
0.0,200.0,1.0,1,6400.0,31.25,30.0,0,True,False,False,False,False,True
1.0,104.0,1.0,1,4545.0,22.882288228822883,30.0,1,True,True,False,True,False,False
0.0,42.0,1.0,1,3716.0,11.302475780409042,15.0,0,True,True,False,False,False,False
0.0,120.0,1.0,1,5787.0,20.73613271124935,28.492462311557787,1,True,False,True,False,False,False
0.0,262.5,1.0,1,8333.0,31.501260050402017,30.0,0,False,False,False,True,False,False
1.0,140.0,1.0,1,4934.0,28.37454398054317,30.0,1,True,True,False,True,False,False
1.0,170.0,1.0,1,6760.0,25.14792899408284,30.0,1,True,True,False,False,False,False
0.0,255.0,0.8413547237076648,0,5746.0,44.37869822485207,30.0,0,True,True,False,False,True,False
0.0,122.0,0.8413547237076648,1,3463.0,35.229569737222064,30.0,0,False,False,False,False,True,True
1.0,112.0,1.0,1,3812.0,29.38090241343127,30.0,0,False,False,False,False,False,False
1.0,96.0,1.0,1,3315.0,28.959276018099548,30.0,0,True,True,False,True,False,False
2.0,120.0,1.0,1,10819.0,11.09159811442832,30.0,1,True,True,False,False,False,False
1.0,140.0,1.0,0,4493.0,31.159581571333185,15.0,1,True,True,True,False,True,False
0.0,155.0,1.0,1,8666.0,17.88599123009462,5.0,1,True,False,False,False,True,False
2.0,108.0,1.0,1,7550.0,14.304635761589404,30.0,1,True,True,False,False,False,True
0.0,123.0,1.0,1,7823.0,15.722868464783332,30.0,1,True,True,True,True,False,False
0.0,120.0,1.0,0,10383.0,11.557353366079168,15.0,1,True,False,False,False,True,True
2.0,112.0,1.0,1,9703.0,11.542821807688345,30.0,0,True,True,False,False,True,False
1.0,137.0,1.0,1,6608.0,20.732445520581113,15.0,0,True,True,True,False,True,False
1.0,123.0,1.0,1,4725.0,26.03174603174603,40.0,1,True,True,False,True,False,False
0.0,90.0,1.0,1,3677.0,24.476475387544195,30.0,1,True,True,False,False,True,False
0.0,201.0,0.0,0,5558.0,36.1640878013674,30.0,1,True,True,True,True,False,False
2.0,138.0,1.0,0,3427.0,40.26845637583892,30.0,0,False,False,False,False,True,False
0.0,104.0,1.0,1,4750.0,21.894736842105264,30.0,1,True,False,True,False,False,True
1.0,262.5,1.0,1,8421.0,31.17206982543641,15.0,1,True,True,True,True,False,False
0.0,192.0,0.0,0,10161.75,18.894383349324674,30.0,0,True,False,False,False,True,True
3.0,255.0,1.0,1,3083.0,82.71164450210834,30.0,0,False,False,False,False,False,False
0.0,115.0,0.0,0,6045.0,19.02398676592225,30.0,0,True,False,True,False,False,False
3.0,94.0,1.0,0,5250.0,17.904761904761905,30.0,0,True,True,False,False,True,False
0.0,262.5,1.0,0,12261.75,21.408037188818888,30.0,1,True,True,False,False,False,False
3.0,128.0,0.8413547237076648,0,4931.0,25.958223484080307,30.0,0,True,True,True,True,False,False
1.0,262.5,0.8413547237076648,1,10333.0,25.404045291783607,30.0,1,True,True,False,False,True,False
0.0,134.0,1.0,1,4269.0,31.389084094635745,30.0,1,True,False,False,True,False,False
1.0,155.0,1.0,0,3481.0,44.52743464521689,3.0,0,False,False,False,True,False,False
0.0,120.0,1.0,1,7200.0,16.666666666666668,30.0,0,False,False,False,False,False,False
0.0,128.0,1.0,1,5166.0,24.77739063104917,30.0,0,True,False,False,True,False,True
0.0,151.0,1.0,1,7542.0,20.02121453195439,30.0,1,True,False,False,False,False,False
2.0,150.0,1.0,1,6095.0,24.61033634126333,30.0,1,True,True,False,True,False,False
3.0,160.0,0.0,1,6144.0,26.041666666666668,30.0,1,True,True,False,False,True,False
0.0,135.0,1.0,0,3418.0,39.496781743709775,30.0,0,False,False,False,False,False,False
1.0,90.0,1.0,1,4436.0,20.288548241659154,30.0,1,False,False,False,False,True,False
0.0,30.0,1.0,1,3237.0,9.267840593141798,30.0,0,False,False,False,False,True,False
0.0,136.0,1.0,1,10161.75,13.383521539104978,30.0,0,True,True,False,False,True,False
0.0,126.0,1.0,1,4690.0,26.865671641791046,30.0,1,True,False,False,False,False,False
0.0,150.0,1.0,1,4843.0,30.97253768325418,30.0,1,True,True,False,True,False,False
2.0,90.0,1.0,1,3900.0,23.076923076923077,30.0,0,True,True,False,True,False,False
1.0,115.0,1.0,1,4592.0,25.04355400696864,30.0,1,True,True,False,True,False,False
0.0,207.0,1.0,1,7267.0,28.48493188385854,30.0,1,True,True,False,True,False,False
0.0,80.0,1.0,1,4403.0,18.169429934135817,30.0,1,True,True,False,False,True,False
0.0,262.5,1.0,1,10161.75,25.832164735404827,30.0,0,True,True,False,True,False,False
0.0,124.0,0.8413547237076648,1,4100.0,30.24390243902439,30.0,0,False,True,True,False,False,False
1.0,158.0,0.0,0,6479.0,24.386479394968358,30.0,1,True,False,True,False,True,True
0.0,112.0,1.0,1,4727.0,23.6936746350751,30.0,1,True,True,False,True,False,False
2.0,78.0,1.0,1,3286.7999878,23.731288879615956,15.0,1,True,True,False,False,True,False
0.0,54.0,1.0,1,3477.0,15.530629853321829,30.0,1,False,False,False,False,True,False
0.0,146.36949152542374,1.0,0,10161.75,14.403965018370236,30.0,0,True,True,False,False,False,False
0.0,89.0,1.0,1,6211.0,14.329415553051039,30.0,1,True,False,False,False,False,False
0.0,99.0,1.0,0,4317.0,22.932592077831828,25.0,1,False,False,False,True,False,True
0.0,120.0,1.0,1,5704.0,21.037868162692845,30.0,1,True,True,False,False,False,False
0.0,115.0,1.0,1,4124.0,27.885548011639184,30.0,0,False,False,False,True,False,False
0.0,187.0,1.0,1,9508.0,19.667648296171645,30.0,0,True,False,False,False,False,False
0.0,139.0,1.0,1,5491.0,25.314150427973047,30.0,1,True,True,False,False,False,False
2.0,127.0,0.0,0,4400.0,28.863636363636363,30.0,0,True,True,False,True,False,False
2.0,134.0,1.0,1,4713.0,28.431996605134735,30.0,1,True,True,False,False,True,False
0.7629382303839732,143.0,0.0,0,5417.0,26.398375484585564,40.0,0,False,False,False,False,True,False
0.0,172.0,1.0,1,5717.0,30.085709288088157,30.0,1,True,True,False,True,False,False
3.0,110.0,1.0,1,5666.0,19.41404871161313,30.0,1,True,True,False,False,True,False
1.0,200.0,1.0,1,6875.0,29.09090909090909,30.0,0,True,True,False,True,False,False
1.0,135.0,1.0,1,4666.0,28.932704672096015,30.0,0,False,True,False,False,True,False
0.0,151.0,1.0,0,7541.0,20.023869513327146,40.0,1,False,False,False,False,False,False
1.0,113.0,1.0,0,4939.0,22.87912532901397,30.0,1,True,True,False,False,True,False
0.0,93.0,0.0,0,4734.0,19.64512040557668,30.0,1,True,True,True,False,True,False
0.7629382303839732,105.0,1.0,1,4625.0,22.7027027027027,30.0,1,True,True,True,True,False,False
0.0,132.0,1.0,1,5000.0,26.4,30.0,0,False,False,False,False,False,False
1.0,96.0,1.0,1,3428.0,28.004667444574096,30.0,1,True,True,False,False,True,False
0.0,140.0,1.0,1,6500.0,21.53846153846154,30.0,1,True,False,False,False,False,False
0.0,146.36949152542374,1.0,0,2000.0,73.18474576271187,30.0,0,True,False,True,False,True,False
0.0,135.0,1.0,1,5428.0,24.871039056742816,30.0,1,False,False,False,False,False,False
0.0,104.0,0.0,0,4263.0,24.39596528266479,30.0,1,False,False,False,False,True,False
0.0,262.5,1.0,0,10161.75,25.832164735404827,30.0,0,True,False,False,False,False,False
2.0,185.0,0.8413547237076648,1,7667.0,24.129385678883526,30.0,0,True,True,True,False,False,False
0.0,84.0,1.0,1,2917.0,28.79670894754885,30.0,0,False,False,False,True,False,False
0.0,111.0,1.0,1,5332.0,20.817704426106527,30.0,1,True,False,True,True,False,False
0.0,56.0,1.0,1,2507.0,22.337455125648184,30.0,0,False,False,False,False,False,False
2.0,144.0,0.8413547237076648,1,5746.0,25.06091193873999,7.0,0,True,True,False,False,False,True
0.0,159.0,1.0,0,4316.0,36.83966635773864,30.0,1,True,True,False,False,False,False
1.0,111.0,1.0,1,5039.0,22.02818019448303,15.0,1,True,True,True,False,True,False
2.0,120.0,1.0,1,3717.0,32.28410008071025,30.0,0,True,True,False,True,False,False
0.0,88.0,0.8413547237076648,1,4192.0,20.99236641221374,30.0,1,True,True,False,False,True,False
1.0,112.0,0.8413547237076648,1,3541.0,31.62948319683705,30.0,0,False,False,False,True,False,False
1.0,155.0,1.0,0,10000.0,15.5,30.0,0,True,True,False,False,False,True
0.0,115.0,1.0,1,4567.0,25.180643748631486,30.0,1,True,True,False,True,False,False
3.0,124.0,1.0,1,4531.0,27.367027146325313,30.0,1,True,True,False,True,False,False
2.0,146.36949152542374,1.0,1,5191.0,28.196781260917692,30.0,1,True,True,True,False,False,False
0.0,132.0,0.8413547237076648,1,6151.0,21.459925215412127,30.0,1,False,False,False,False,False,False
3.0,262.5,1.0,1,10161.75,25.832164735404827,30.0,0,True,True,False,False,False,False
1.0,262.5,0.0,0,13649.0,19.232178181551763,30.0,1,True,True,False,False,False,True
0.0,130.0,0.0,1,4917.0,26.438885499288183,30.0,0,True,False,False,False,False,False
0.0,184.0,1.0,1,7978.0,23.063424417147154,30.0,1,True,True,False,True,False,True
0.0,110.0,1.0,0,6784.0,16.214622641509433,30.0,1,False,True,False,False,True,False
0.0,67.0,1.0,1,2500.0,26.8,30.0,0,False,False,False,False,True,False
1.0,117.0,1.0,1,6177.0,18.94123360854784,30.0,1,True,False,False,False,True,False
0.0,98.0,1.0,1,2935.0,33.3901192504259,30.0,0,True,False,False,True,False,False
0.7629382303839732,71.0,1.0,1,2833.0,25.061771973173315,30.0,0,True,False,False,False,True,False
0.0,262.5,1.0,1,10161.75,25.832164735404827,15.0,0,True,True,False,False,True,False
1.0,182.0,1.0,1,11666.0,15.600891479513114,15.0,1,True,True,False,False,True,True
0.7629382303839732,70.0,1.0,1,9993.0,7.004903432402682,28.492462311557787,1,True,True,False,True,False,True
1.0,160.0,1.0,1,5938.0,26.94509936005389,30.0,1,True,True,False,False,False,False
2.0,176.0,1.0,1,7100.0,24.788732394366196,30.0,1,True,True,False,False,False,True
3.0,146.36949152542374,0.0,0,1830.0,79.98332870241734,30.0,0,False,False,True,False,True,False
0.0,71.0,1.0,1,4160.0,17.067307692307693,30.0,0,False,False,False,True,False,False
3.0,173.0,1.0,0,4234.0,40.859707132735004,30.0,1,True,True,True,False,False,False
0.0,46.0,1.0,0,2378.0,19.343986543313708,30.0,0,False,False,False,False,False,False
1.0,158.0,1.0,1,5783.0,27.3214594501124,30.0,1,True,True,True,False,True,False
3.0,74.0,1.0,1,3173.0,23.321777497636305,30.0,0,True,True,True,True,False,False
2.0,125.0,1.0,1,4913.0,25.4427030327702,30.0,1,True,True,False,False,False,False
0.0,160.0,1.0,1,4957.0,32.27758725035304,30.0,1,True,True,False,True,False,False
0.7629382303839732,152.0,0.0,0,6753.0,22.50851473419221,30.0,1,True,True,True,False,False,False
2.0,126.0,1.0,1,5251.0,23.995429442011044,30.0,1,True,True,True,False,True,False
0.0,259.0,0.8413547237076648,1,10916.0,23.72663979479663,30.0,1,True,True,False,True,False,False
0.0,187.0,1.0,1,8385.0,22.301729278473463,30.0,1,True,True,False,False,False,False
0.0,228.0,1.0,1,9083.0,25.101838599581637,30.0,0,True,True,False,True,False,False
0.0,262.5,1.0,0,12917.0,20.32205620500116,30.0,1,True,False,False,False,False,False
3.0,95.0,1.0,1,4749.0,20.00421141292904,30.0,1,True,True,False,False,False,False
0.0,105.0,0.0,0,5500.0,19.09090909090909,30.0,0,False,True,False,False,False,True
0.0,130.0,1.0,1,2928.0,44.39890710382514,30.0,1,False,True,False,True,False,False
0.7629382303839732,116.0,1.0,1,3813.0,30.42223970626803,15.0,0,False,False,False,False,True,False
2.0,165.0,1.0,1,11500.0,14.347826086956522,30.0,1,True,True,False,False,False,False
1.0,67.0,1.0,0,3875.0,17.29032258064516,30.0,0,True,True,False,False,True,False
0.0,100.0,0.0,0,4666.0,21.43163309044149,40.0,1,True,True,True,False,True,False
3.0,200.0,1.0,1,8334.0,23.99808015358771,30.0,1,True,True,False,True,False,False
1.0,81.0,1.0,0,4723.0,17.150116451408003,30.0,0,False,False,False,True,False,False
2.0,236.0,1.0,1,8667.0,27.229721933771778,30.0,1,True,True,False,True,False,False
0.0,130.0,1.0,1,7083.0,18.353804884935762,30.0,1,True,True,False,False,True,False
0.0,95.0,0.8413547237076648,1,6046.0,15.7128680119087,25.0,1,True,True,False,False,True,False
0.0,141.0,1.0,1,6822.0,20.668425681618295,30.0,0,True,False,False,False,False,True
0.0,133.0,1.0,0,6216.0,21.396396396396398,30.0,0,True,False,True,False,False,False
0.0,96.0,1.0,0,2500.0,38.4,40.0,0,True,False,False,True,False,False
0.0,124.0,0.0,0,5124.0,24.19984387197502,28.492462311557787,0,True,False,False,False,False,False
1.0,175.0,1.0,1,6325.0,27.66798418972332,30.0,0,True,True,False,True,False,False
0.0,262.5,1.0,0,15427.75,17.014794769165952,30.0,1,True,True,False,False,False,False
0.0,55.0,1.0,1,10161.75,5.41245356360863,30.0,0,False,False,False,True,False,True
2.0,155.0,1.0,1,5185.0,29.893924783027966,30.0,0,True,True,False,True,False,False
2.0,262.5,1.0,1,15083.0,17.403699529271364,25.0,1,True,True,False,False,False,True
1.0,111.0,0.0,0,5049.0,21.984551396316103,15.0,1,True,False,False,False,True,False
0.0,110.0,1.0,1,4223.0,26.04783329386692,30.0,1,False,False,False,False,True,False
0.0,120.0,1.0,1,5740.0,20.905923344947734,15.0,1,True,True,False,False,True,False
3.0,130.0,1.0,1,13746.0,9.457296668121636,30.0,1,True,True,False,False,False,False
0.0,130.0,0.8413547237076648,1,4310.0,30.162412993039442,30.0,0,True,True,False,True,False,False
0.0,71.0,1.0,0,3069.0,23.134571521668295,40.0,0,True,False,False,False,True,False
2.0,130.0,1.0,1,5391.0,24.114264514932295,30.0,0,True,True,False,False,True,False
0.0,128.0,1.0,1,5833.0,21.944111092062403,30.0,1,True,True,False,True,False,False
0.0,262.5,1.0,1,10173.0,25.803597758773222,30.0,1,True,False,False,True,False,False
0.0,156.0,1.0,1,6000.0,26.0,30.0,0,False,False,False,False,True,False
0.0,128.0,1.0,1,7167.0,17.859634435607646,30.0,0,True,False,False,False,True,True
2.0,100.0,1.0,0,4566.0,21.901007446342533,30.0,0,True,True,False,False,True,False
1.0,113.0,1.0,1,3667.0,30.815380419961823,15.0,0,True,False,False,False,True,False
0.0,132.0,1.0,1,3946.0,33.45159655347187,30.0,1,True,False,True,True,False,False
0.0,146.36949152542374,0.0,0,6146.0,23.815407016827812,30.0,1,True,True,True,False,True,False
0.0,136.0,1.0,1,4750.0,28.63157894736842,30.0,1,True,True,False,False,True,False
0.0,125.0,1.0,1,5488.0,22.776967930029155,30.0,0,True,True,False,False,False,False
3.0,185.0,1.0,1,9167.0,20.18108432420639,30.0,0,True,False,False,False,False,False
3.0,262.5,1.0,1,9504.0,27.619949494949495,30.0,0,True,True,False,False,False,False
0.0,120.0,0.8413547237076648,1,4698.0,25.54278416347382,30.0,1,True,True,False,False,True,False
2.0,113.0,1.0,1,3618.0,31.232725262576007,15.0,1,True,True,True,True,False,False
2.0,113.0,1.0,1,4500.0,25.11111111111111,30.0,1,True,True,False,False,True,False
2.0,135.0,0.8413547237076648,1,3760.0,35.90425531914894,30.0,1,True,True,False,True,False,False
0.0,71.0,0.0,0,3180.0,22.32704402515723,30.0,0,False,False,False,False,True,False
0.0,95.0,1.0,1,4492.0,21.148708815672308,30.0,1,True,True,False,False,True,False
0.0,109.0,1.0,1,5568.0,19.576149425287355,30.0,1,True,False,True,False,False,False
0.0,103.0,0.0,0,3300.0,31.21212121212121,30.0,1,False,False,False,True,False,False
2.0,45.0,0.0,0,2889.0,15.576323987538942,15.0,0,True,True,True,False,True,False
0.0,65.0,1.0,0,2755.0,23.593466424682397,25.0,0,True,False,True,False,False,False
0.0,103.0,1.0,1,8260.0,12.469733656174334,30.0,1,True,False,False,True,False,False
0.0,53.0,1.0,1,1963.0,26.999490575649517,30.0,0,False,False,True,True,False,False
0.0,194.0,1.0,0,7441.0,26.071764547775835,30.0,0,False,False,False,False,False,True
0.0,115.0,1.0,1,4547.0,25.29140092368595,30.0,0,False,False,False,True,False,False
0.0,115.0,1.0,1,4567.0,25.180643748631486,30.0,1,True,True,True,False,True,False
0.0,66.0,1.0,1,2213.0,29.8237686398554,30.0,0,False,False,True,False,False,False
1.0,152.0,0.0,0,8300.0,18.313253012048193,25.0,0,True,True,False,True,False,False
3.0,262.5,0.0,0,10161.75,25.832164735404827,30.0,0,True,True,False,False,False,False
1.0,62.0,1.0,0,3867.0,16.03310059477631,30.0,0,False,False,True,True,False,True
0.0,160.0,0.8413547237076648,1,6256.0,25.575447570332482,30.0,0,True,True,False,False,True,False
0.0,218.0,0.0,0,6096.0,35.76115485564304,30.0,0,True,True,True,False,False,False
0.0,110.0,1.0,1,4286.0,25.664955669622024,30.0,1,True,True,True,False,False,False
0.0,178.0,0.0,0,5386.0,33.04864463423691,30.0,1,False,True,True,True,False,False
0.0,60.0,1.0,1,2995.0,20.03338898163606,30.0,0,False,False,False,False,True,False
1.0,160.0,1.0,0,2600.0,61.53846153846154,30.0,0,False,False,False,False,True,False
2.0,239.0,1.0,0,7360.0,32.47282608695652,30.0,1,True,True,False,False,True,True
0.0,112.0,1.0,1,3798.0,29.48920484465508,30.0,1,True,True,False,False,False,False
0.0,138.0,1.0,1,4663.0,29.59468153549217,30.0,1,True,True,False,True,False,False
0.0,138.0,1.0,1,5829.0,23.674729799279465,30.0,0,True,True,False,False,False,False
0.0,80.0,0.0,0,2720.0,29.41176470588235,28.492462311557787,0,False,False,True,False,True,False
0.0,100.0,1.0,1,3539.0,28.256569652444192,30.0,1,True,True,False,False,True,False
1.0,110.0,0.0,0,8917.0,12.33598743972188,28.492462311557787,1,True,True,False,False,True,False
0.0,96.0,1.0,1,10161.75,9.447191674662337,30.0,0,True,True,False,True,False,False
0.0,121.0,1.0,1,6966.0,17.37008326155613,30.0,1,True,True,False,False,False,False
1.0,81.0,1.0,0,4606.0,17.585757707338253,30.0,0,False,False,True,False,False,False
2.0,133.0,1.0,1,5935.0,22.40943555181129,30.0,0,True,True,False,True,False,False
0.0,87.0,1.0,1,2936.12000084,29.630941506174818,30.0,1,True,True,False,False,False,False
0.0,60.0,1.0,1,2717.0,22.08317997791682,15.0,0,True,False,True,False,True,False
1.0,150.0,1.0,1,8624.0,17.393320964749535,30.0,0,False,False,False,True,False,True
0.0,105.0,0.0,0,6500.0,16.153846153846153,30.0,0,True,False,False,False,False,False
0.0,262.5,1.0,1,10161.75,25.832164735404827,30.0,0,True,False,False,True,False,False
0.0,143.0,1.0,1,4765.0,30.010493179433368,30.0,1,True,True,False,True,False,False
0.0,100.0,1.0,1,3750.0,26.666666666666668,30.0,0,True,False,False,False,True,False
0.0,50.0,1.0,1,3777.0,13.238019592268996,30.0,1,True,False,False,True,False,False
0.0,146.36949152542374,1.0,1,3338.0,43.849458216124546,30.0,1,True,True,False,False,True,False
0.0,187.0,0.0,0,10161.75,18.40234211626934,30.0,0,True,False,False,False,True,True
0.0,138.0,1.0,1,7142.0,19.322318678241388,30.0,0,False,True,True,False,False,True
0.0,187.0,1.0,1,8724.0,21.435121503897296,30.0,1,True,False,False,True,False,False
0.0,180.0,1.0,1,9734.0,18.491884117526197,30.0,1,True,True,False,False,False,False
3.0,148.0,1.0,1,6700.0,22.08955223880597,30.0,1,True,False,True,True,False,False
1.0,152.0,1.0,1,10161.75,14.958053484882033,30.0,0,True,False,False,True,False,False
0.0,175.0,0.8413547237076648,1,13093.0,13.365920720995952,25.0,1,True,True,False,False,False,False
1.0,130.0,1.0,1,4676.0,27.80153977758768,30.0,1,True,True,False,False,False,True
2.0,110.0,1.0,1,4652.0,23.6457437661221,30.0,0,True,True,True,False,False,False
0.0,55.0,1.0,0,4915.0,11.190233977619531,30.0,1,True,True,False,False,False,False
2.0,150.0,0.0,0,5050.0,29.702970297029704,30.0,1,True,True,False,False,False,False
1.0,190.0,0.8413547237076648,0,4311.0,44.07330085826954,30.0,1,True,False,True,True,False,True
2.0,125.0,0.0,0,3564.0,35.072951739618404,30.0,1,True,True,True,False,False,False
2.0,60.0,0.8413547237076648,1,3414.0,17.57469244288225,25.0,1,True,True,True,False,True,False
0.0,149.0,0.0,0,5681.0,26.22777679985918,30.0,1,True,True,False,False,False,False
0.0,90.0,0.0,1,4949.0,18.185492018589613,15.0,1,True,True,False,False,False,False
0.0,84.0,1.0,1,7085.0,11.856033874382499,30.0,0,True,False,False,True,False,True
2.0,96.0,1.0,1,3859.0,24.876911116869657,30.0,0,True,True,False,True,False,False
0.0,118.0,1.0,1,4301.0,27.435480120902117,30.0,0,True,True,False,False,True,False
0.0,173.0,1.0,0,6277.0,27.560936753226063,30.0,1,True,True,False,False,True,False
2.0,136.0,1.0,1,4354.0,31.23564538355535,30.0,0,True,False,False,False,False,False
0.0,160.0,1.0,0,8334.0,19.19846412287017,30.0,0,True,True,False,True,False,False
0.0,160.0,0.8413547237076648,1,6166.0,25.948751216347713,30.0,1,True,True,False,True,False,True
3.0,128.0,1.0,1,7740.0,16.537467700258397,15.0,0,True,True,False,False,True,False
0.0,153.0,1.0,1,5203.0,29.40611185854315,30.0,1,True,True,False,False,False,False
1.0,132.0,1.0,1,5191.0,25.42862646888846,30.0,0,False,False,True,True,False,False
0.0,98.0,0.0,0,4166.0,23.523763802208354,30.0,0,True,False,False,True,False,False
0.0,140.0,1.0,1,6000.0,23.333333333333332,30.0,0,True,False,False,False,False,False
3.0,70.0,0.0,0,4611.0,15.181088700932552,15.0,1,True,True,True,False,True,False
0.0,110.0,1.0,1,10161.75,10.82490712721726,30.0,0,True,True,False,True,False,False
2.0,98.0,1.0,1,3127.0,31.33994243684042,30.0,1,False,True,True,True,False,False
0.0,110.0,1.0,0,6784.0,16.214622641509433,30.0,1,True,True,False,False,True,False
1.0,162.0,1.0,1,5529.0,29.30005425935974,30.0,1,True,True,False,True,False,True
1.0,113.0,0.0,0,4153.0,27.209246327955693,15.0,1,True,True,True,False,False,False
3.0,100.0,1.0,1,4691.0,21.317416329140908,30.0,0,True,True,False,True,False,False
0.0,93.0,0.8413547237076648,1,2500.0,37.2,30.0,0,False,False,False,False,True,True
2.0,162.0,1.0,1,10180.0,15.913555992141454,30.0,1,True,False,False,False,False,False
2.0,150.0,1.0,1,11175.75,13.421917992081069,30.0,1,True,True,False,False,False,True
2.0,230.0,1.0,1,8450.0,27.218934911242602,25.0,1,True,True,False,True,False,False
2.0,132.0,0.0,0,4745.0,27.818756585879875,30.0,1,True,True,False,True,False,False
1.0,86.0,1.0,1,12411.75,6.928918162225311,30.0,1,True,True,False,True,False,True
2.0,146.36949152542374,1.0,0,4550.0,32.169119016576644,30.0,1,True,True,False,False,True,False
0.0,154.0,1.0,1,4350.0,35.40229885057471,30.0,0,False,False,True,False,False,False
3.0,113.0,1.0,1,3095.0,36.51050080775444,30.0,0,True,True,True,False,False,False
0.0,128.0,1.0,1,5233.0,24.460156697878844,30.0,1,True,True,False,True,False,False
0.0,234.0,1.0,1,10161.75,23.027529706989444,30.0,0,True,True,False,True,False,False
2.0,246.0,1.0,1,8333.0,29.52118084723389,30.0,0,True,True,False,True,False,False
1.0,131.0,1.0,1,4394.0,29.813381884387802,30.0,1,True,True,True,False,False,False
2.0,80.0,0.0,0,3547.0,22.554271215111363,30.0,0,True,False,False,False,False,False
1.0,262.5,1.0,0,10161.75,25.832164735404827,30.0,0,True,True,False,False,True,False
2.0,160.0,1.0,1,6666.0,24.002400240024002,30.0,1,True,True,False,True,False,True
0.0,75.0,1.0,0,2435.0,30.80082135523614,30.0,0,True,False,False,False,True,False
0.0,96.0,0.8413547237076648,1,5484.0,17.505470459518598,30.0,1,True,False,True,True,False,False
1.0,186.0,0.8413547237076648,1,6464.0,28.774752475247524,30.0,1,True,True,True,False,True,False
0.0,110.0,1.0,1,3691.0,29.802221620157137,30.0,0,True,False,True,False,False,False
0.0,225.0,1.0,1,10161.75,22.141855487489853,30.0,0,False,False,True,True,False,True
0.0,119.0,0.0,0,5754.0,20.68126520681265,30.0,1,True,True,False,False,False,False
1.0,105.0,1.0,1,4239.0,24.769992922859164,7.0,1,False,True,False,True,False,False
0.0,107.0,1.0,1,4300.0,24.88372093023256,30.0,1,True,True,True,False,False,False
0.0,111.0,0.8413547237076648,1,7482.0,14.83560545308741,1.0,1,True,True,False,False,True,False
1.0,95.0,1.0,1,2895.0,32.81519861830743,30.0,0,True,True,False,True,False,True
0.0,209.0,0.0,0,10699.0,19.534535937938124,30.0,1,True,False,False,False,False,False
0.0,113.0,1.0,1,4328.0,26.109057301293902,40.0,1,False,False,False,False,False,False
0.0,100.0,1.0,1,3159.0,31.655587211142766,30.0,0,False,False,False,True,False,False
2.0,208.0,1.0,1,10489.0,19.83029840785585,30.0,1,True,True,False,True,False,False
1.0,138.0,0.8413547237076648,0,9352.0,14.756201881950386,30.0,1,True,True,True,False,False,False
0.0,124.0,1.0,1,5297.0,23.4094770624882,25.0,1,True,True,True,True,False,False
2.0,243.0,1.0,1,7926.0,30.658591975775927,30.0,1,True,True,False,False,False,False
0.0,262.5,0.8413547237076648,1,15921.75,16.486881153139574,30.0,1,True,True,False,False,True,False
0.0,96.0,1.0,0,3583.0,26.793190064192018,30.0,0,True,False,False,False,True,False
0.0,188.0,1.0,1,5492.0,34.23160961398398,30.0,1,True,True,False,False,True,True
1.0,40.0,1.0,1,10161.75,3.9363298644426403,30.0,0,False,False,False,False,True,False
0.0,100.0,1.0,0,4885.0,20.470829068577277,30.0,1,True,False,True,False,False,False
1.0,250.0,1.0,1,8069.0,30.982773577890693,30.0,1,True,True,False,True,False,False
2.0,148.0,1.0,1,5318.0,27.830011282437006,30.0,1,True,True,False,False,True,False
0.0,70.0,1.0,0,7890.0,8.871989860583016,15.0,1,True,True,False,True,False,False
0.0,262.5,1.0,0,9481.0,27.68695285307457,30.0,1,True,False,False,False,False,False
3.0,150.0,1.0,1,6894.0,21.75805047867711,30.0,1,True,True,False,False,False,False
2.0,113.0,1.0,1,3663.0,30.84903084903085,40.0,1,False,True,False,True,False,False
0.7629382303839732,123.0,0.0,0,4874.0,25.235945835043086,30.0,1,True,True,True,True,False,False
0.0,185.0,1.0,0,6598.0,28.03879963625341,30.0,1,True,False,False,True,False,False
0.0,95.0,1.0,0,3400.0,27.941176470588236,30.0,0,False,False,True,False,False,False
2.0,45.0,1.0,1,3934.0,11.438739196746313,30.0,1,True,True,True,True,False,False
0.0,55.0,1.0,1,2500.0,22.0,30.0,0,True,False,False,True,False,False
3.0,100.0,1.0,1,7101.0,14.08252358822701,30.0,1,True,True,False,False,False,True
2.0,262.5,1.0,1,13708.0,19.149401809162534,30.0,1,True,True,False,False,False,True
0.0,146.36949152542374,1.0,0,6767.0,21.629893826721403,30.0,1,True,False,False,True,False,False
2.0,262.5,1.0,1,10161.75,25.832164735404827,30.0,0,True,True,False,False,False,True
0.0,110.0,1.0,1,3775.0,29.13907284768212,30.0,0,True,True,False,True,False,False
1.0,161.0,0.0,1,6715.0,23.976172747580044,30.0,1,True,True,True,True,False,False
1.0,94.0,1.0,1,3981.0,23.61215774930922,30.0,1,True,False,True,True,False,False
0.0,130.0,1.0,1,6783.0,19.165560961226596,30.0,0,True,False,True,True,False,False
0.0,216.0,0.8413547237076648,1,6525.0,33.10344827586207,30.0,1,True,True,False,False,False,False
3.0,100.0,1.0,1,4281.0,23.3590282644242,30.0,0,True,True,False,False,True,False
2.0,110.0,0.0,0,3588.0,30.657748049052397,30.0,0,True,False,False,False,False,False
1.0,196.0,0.8413547237076648,0,10161.75,19.288016335768937,30.0,0,True,False,False,True,False,False
0.0,125.0,1.0,1,10161.75,12.30103082638325,30.0,0,False,False,True,False,True,True
0.0,126.0,1.0,1,4592.0,27.4390243902439,30.0,1,True,False,True,False,False,False
0.0,262.5,1.0,1,10039.0,26.14802271142544,30.0,1,True,True,False,False,True,False
2.0,107.0,1.0,1,3617.0,29.58252695604092,30.0,0,True,False,False,True,False,False
0.0,66.0,1.0,0,3453.0,19.113814074717638,30.0,1,True,True,True,False,False,False
3.0,157.0,1.0,1,6417.0,24.46626149290946,15.0,0,True,True,False,False,False,False
1.0,140.0,1.0,1,7453.0,18.784382128002147,15.0,1,False,True,False,True,False,False
0.0,99.0,0.0,0,2138.0,46.30495790458372,30.0,0,False,False,False,True,False,False
1.0,95.0,1.0,1,3652.0,26.013143483023,30.0,0,False,False,False,True,False,False
1.0,128.0,1.0,1,4763.0,26.873819021625025,30.0,1,True,True,True,False,True,False
0.0,102.0,0.8413547237076648,1,3680.0,27.717391304347824,30.0,1,False,True,True,True,False,False
0.0,155.0,1.0,1,4718.0,32.852903772785076,30.0,1,True,True,False,False,False,False
0.0,80.0,1.0,0,3358.0,23.823704586063133,3.0,0,True,False,True,True,False,False
0.0,145.0,1.0,1,4309.0,33.65049895567417,30.0,1,True,False,False,False,False,False
0.0,103.0,0.0,0,5000.0,20.6,30.0,0,False,False,False,True,False,False
0.0,110.0,1.0,1,4801.0,22.911893355550927,30.0,1,True,True,False,False,False,False
2.0,146.36949152542374,0.0,0,6633.0,22.06686137877638,30.0,0,True,True,False,False,False,True
1.0,146.36949152542374,1.0,1,4867.0,30.07386306254854,30.0,1,True,True,True,False,False,False
1.0,158.0,1.0,1,6583.0,24.001215251405135,30.0,1,True,True,False,False,True,False
0.0,181.0,0.0,0,4787.0,37.81073741382912,30.0,1,True,True,True,False,True,False
0.0,132.0,0.0,0,7859.0,16.79603002926581,15.0,1,True,True,False,False,False,False
1.0,26.0,1.0,1,6500.0,4.0,30.0,1,True,True,False,True,False,False
0.0,84.0,0.8413547237076648,1,4292.0,19.571295433364398,30.0,1,False,False,False,False,True,False
3.0,260.0,1.0,1,10139.0,25.64355459118256,30.0,0,True,True,False,True,False,True
0.0,162.0,1.0,1,6556.0,24.71018913971934,30.0,1,True,True,False,True,False,False
0.0,182.0,1.0,1,6486.0,28.060437866173295,30.0,1,False,True,False,True,False,False
2.0,108.0,1.0,1,3917.0,27.572121521572633,30.0,1,True,True,True,True,False,False
1.0,262.5,1.0,1,10161.75,25.832164735404827,30.0,0,False,True,False,True,False,True
0.0,211.0,1.0,1,7977.0,26.45104675943337,30.0,1,True,True,False,False,False,False
0.0,132.0,1.0,1,5800.0,22.75862068965517,30.0,0,True,False,True,True,False,True
2.0,258.0,0.0,0,8799.0,29.321513808387316,30.0,0,True,True,False,False,True,False
0.0,120.0,0.8413547237076648,1,4467.0,26.863666890530556,30.0,0,True,True,True,False,False,False
0.0,70.0,1.0,1,3333.0,21.002100210021002,30.0,0,True,False,False,False,True,False
3.0,123.0,0.0,0,5900.0,20.847457627118644,30.0,1,True,True,False,False,False,False
0.0,9.0,1.0,0,2378.0,3.7846930193439867,30.0,0,False,False,False,False,True,False
0.0,104.0,0.0,0,5230.0,19.88527724665392,30.0,1,True,True,False,False,True,False
1.0,186.0,1.0,1,5167.0,35.99767756918909,30.0,1,True,True,False,False,True,False
0.7629382303839732,165.0,0.0,0,6567.0,25.12562814070352,30.0,1,True,True,False,False,True,False
2.0,262.5,1.0,1,10161.75,25.832164735404827,30.0,0,True,True,False,False,True,False
2.0,187.0,1.0,0,7750.0,24.129032258064516,40.0,1,True,True,True,True,False,False
3.0,150.0,1.0,0,6406.0,23.415547923821418,30.0,0,True,True,False,True,False,False
2.0,108.0,1.0,1,3620.0,29.834254143646408,7.0,1,True,True,False,False,True,False
0.0,136.0,0.0,0,5297.0,25.674910326599964,30.0,1,True,True,False,True,False,False
0.0,110.0,1.0,1,5968.0,18.431635388739945,30.0,1,True,False,False,False,True,False
1.0,107.0,1.0,1,4014.0,26.656701544593922,30.0,1,True,True,False,False,False,False
0.0,161.0,1.0,1,6099.0,26.397770126250204,30.0,1,True,False,False,False,True,False
2.0,205.0,1.0,1,6540.0,31.345565749235472,30.0,0,True,True,False,True,False,False
0.0,90.0,1.0,0,7596.0,11.848341232227488,30.0,1,True,False,False,False,True,False
0.0,36.0,1.0,1,3166.0,11.37081490840177,30.0,0,False,True,False,True,False,False
1.0,61.0,0.8413547237076648,0,1880.0,32.4468085106383,30.0,0,True,True,False,False,False,False
1.0,146.0,0.0,0,4704.0,31.037414965986393,30.0,1,True,True,False,False,False,False
1.0,172.0,1.0,0,7283.0,23.61664149388988,7.0,1,True,True,False,False,False,False
0.0,104.0,1.0,1,3819.0,27.232259753862266,30.0,1,True,True,False,False,True,False
0.0,70.0,1.0,1,2165.0,32.33256351039261,30.0,0,False,False,True,True,False,False
0.0,94.0,1.0,1,4750.0,19.789473684210527,30.0,0,True,False,False,True,False,False
2.0,106.0,0.0,0,2726.0,38.88481291269259,30.0,0,True,True,False,True,False,True
0.0,56.0,1.0,1,6416.0,8.728179551122194,15.0,1,True,True,False,True,False,False
2.0,205.0,1.0,0,6000.0,34.166666666666664,20.0,0,True,True,False,True,False,True
3.0,262.5,1.0,1,9357.0,28.053863417762102,30.0,0,True,False,False,True,False,True
0.0,142.0,1.0,1,7159.0,19.835172510127112,15.0,1,True,True,False,False,False,False
0.0,260.0,1.0,1,10161.75,25.58614411887716,30.0,0,True,True,False,False,True,True
0.0,110.0,1.0,1,3833.0,28.69814766501435,30.0,0,True,False,True,False,False,False
2.0,187.0,1.0,0,7383.0,25.328457266693757,30.0,1,True,True,True,False,False,True
0.7629382303839732,88.0,0.0,0,2987.0,29.46099765651155,30.0,0,True,False,False,True,False,False
0.0,180.0,1.0,1,9963.0,18.066847335140018,30.0,0,True,True,False,False,False,True
2.0,192.0,1.0,1,5780.0,33.21799307958477,30.0,0,True,True,False,False,True,False
3.0,262.5,0.8413547237076648,0,6176.0,42.50323834196891,15.0,1,False,False,False,False,True,False
0.0,155.0,1.0,1,5686.0,27.259936686598664,30.0,1,True,True,True,False,False,False
3.0,128.0,1.0,1,5703.0,22.44432754690514,30.0,0,True,True,False,False,True,False
0.0,172.0,1.0,1,7977.0,21.561990723329572,30.0,1,True,False,False,False,False,False
1.0,262.5,1.0,1,10161.75,25.832164735404827,30.0,0,False,True,False,True,False,False
0.0,146.36949152542374,1.0,0,6200.0,23.607982504100605,15.0,1,True,True,True,False,True,False
1.0,173.0,1.0,1,5900.0,29.322033898305083,30.0,1,True,True,False,True,False,False
2.0,157.0,1.0,1,5398.0,29.084846239347907,30.0,1,True,True,True,False,False,False
0.0,108.0,1.0,1,5182.0,20.841373986877652,30.0,1,True,True,False,False,False,False
0.0,71.0,1.0,1,2900.0,24.482758620689655,30.0,0,False,False,False,False,False,False
3.0,40.0,1.0,1,4106.0,9.74184120798831,15.0,0,True,True,False,False,False,False
1.0,253.0,1.0,1,8312.0,30.437921077959576,30.0,1,True,True,False,False,True,False
2.0,187.0,1.0,1,7583.0,24.66042463404985,30.0,0,True,True,False,False,True,False
0.0,133.0,0.0,0,4583.0,29.02029238490072,30.0,0,False,False,False,True,False,True
